unit,code,description,quantity
avt,T1,Температура верха К-1 (выход на FIRC0955),"температура, °C"
avt,P2,Давление бензиновых паров верха К-1,"давление, МПа"
avt,F3,Расход бензина на орошение К-1,"расход, т/ч"
avt,P4,Давление низа К-1 в Е-6,"давление, МПа"
avt,F5,Расход пара в К-1,"расход, т/ч"
avt,T6,Температура низа К-1,"температура, °C"
avt,F7,Расход обессоленной нефти (3-й ход) в Т-4/2,"расход, т/ч"
avt,F8,Расход обессоленной нефти (1-й ход) в Т-6/1,"расход, т/ч"
avt,F9,Расход обессоленной нефти (2-й ход) в Т-10/2,"расход, т/ч"
avt,D10,Плотность нефти на подаче,"плотность, кг/м3"
avt,T11,3-е ЦО после Т-46,"температура, °C"
avt,F12,Расход 2-го ЦО в К-2,"расход, т/ч"
avt,T13,1-е ЦО К-2 после Т-30,"температура, °C"
avt,F14,Расход 1-го ЦО в К-2,"расход, т/ч"
avt,T15,3-е ЦО К-2,"температура, °C"
avt,F16,Расход бензина от Н-4 в Е-6,"расход, т/ч"
avt,T17,2-е ЦО из К-2,"температура, °C"
avt,T18,1-е ЦО из К-2,"температура, °C"
avt,F19,Расход острого орошения К-2,"расход, т/ч"
avt,T20,Температура верха К-2 (выход на FIRC0953),"температура, °C"
avt,P21,Давление верха К-2 (измерительное),"давление, МПа"
avt,P22,Давление верха К-2 (регистрирующее),"давление, МПа"
avt,P23,"Давление верха К-2 (регулятор, ветка B)","давление, МПа"
avt,T24,Температура перетока К-2 в К-6,"температура, °C"
avt,F25,Расход бензина после Т-26,"расход, т/ч"
avt,F26,Расход пара в К-6,"расход, т/ч"
avt,F27,Расход пара в К-7,"расход, т/ч"
avt,F28,Расход пара в К-9,"расход, т/ч"
avt,F29,Расход пара в К-2,"расход, т/ч"
avt,F30,Расход фр. 290-350 с установки,"расход, т/ч"
avt,F31,Расход нефтепродукта в П-3,"расход, т/ч"
avt,F32,Расход фр. 240-290 с установки,"расход, т/ч"
avt,T33,Температура низа К-2,"температура, °C"
avt,F34,Расход фр. 150-250 с установки,"расход, т/ч"
avt,F35,Расход ВЦО в К-10,"расход, т/ч"
avt,F36,Расход СЦО в К-10,"расход, т/ч"
avt,T37,Температура ВЦО в К-10,"температура, °C"
avt,T38,Температура доп. ВЦО К-10,"температура, °C"
avt,T39,Температура в К-10 над секцией насадки 1а,"температура, °C"
avt,T40,Температура ВЦО из К-10,"температура, °C"
avt,F41,Расход доп. ВЦО в К-10,"расход, т/ч"
avt,T42,Температура фр. 420-500 из К-10 в Е-12,"температура, °C"
avt,L43,Уровень в К-10,"уровень, %"
avt,P44,Вакуум низа К-10,"давление, МПа"
avt,F45,Расход холодного гудрона в К-10,"расход, т/ч"
avt,F46,Расход НЦО К-10 (фр. 350-560),"расход, т/ч"
avt,T47,Температура фр. 350-560 после Т-40,"температура, °C"
avt,T48,Температура низа К-10,"температура, °C"
avt,T49,Температура верха К-10,"температура, °C"
avt,P50,Вакуум верха К-10,"давление, МПа"
avt,P51,Вакуум верха К-10 (пересчёт в мм рт.ст.),"давление, мм рт.ст."
avt,P52,Перепад давления над 4-й пак. насадки К-10,"перепад, МПа"
avt,F53,Расход НЦО К-10 (регулятор),"расход, т/ч"
avt,F54,"Расход от Н-34/1,2 в К-10","расход, т/ч"
avt,T55,Температура на выходе из П-3 (на FIRC2470),"температура, °C"
avt,F56,Расход фр. до 350 с установки (реальный),"расход, т/ч"
avt,F57,Расход фр. до 350 с установки (виртуальный),"расход, т/ч"
avt,T58,Температура фр. до 350 от Т-37,"температура, °C"
avt,F59,Расход фр. 420-500 с установки (объемный),"расход, м3/ч"
avt,F60,Расход фр. 350-560 с установки,"расход, т/ч"
avt,T61,Температура НЦО в К-10,"температура, °C"
avt,F62,Расход НЦО К-10,"расход, т/ч"
avt,F63,Расход гудрона на битумную установку,"расход, т/ч"
avt,F64,Расход 3-го ЦО в К-2,"расход, т/ч"
avt,F65,Производительность К-2 по отбензиненной нефти,"расход, т/ч"
avt,T66,Температура перетока в К-9,"температура, °C"
avt,P67,Давление верха К-2 (доп. точка),"давление, МПа"
avt,F68,Расход гудрона с установки (реальный),"расход, т/ч"
avt,F69,Расход гудрона с установки (виртуальный),"расход, т/ч"
avt,W70,Массовый расход фр. 290-350 с установки,"масс.расход, т/ч"
avt,T71,Температура фр. 290-350 из К-2,"температура, °C"
ht,F1,"Расход бензина с установки, объемный","расход, м³/ч"
ht,F2,Газовая схема. Расход газа на линии от ЦК-201,"расход газа, нм³/ч"
ht,P3,Полисеп. Сепаратор С-201. Давление на входе,"давление, МПа"
ht,W4,К-206. Массовый расход бензина в колонну,"масс.расход, т/ч"
ht,T5,Полисеп. Р-201. Температура ГСС на выходе,"температура, °C"
ht,T6,Полисеп. Р-202. Температура ГСС на входе,"температура, °C"
ht,W7,"К-201. Расход газа поддува на входе, массовый","масс.расход газа, т/ч"
ht,P8,Реактор Р-202. Перепад давления,"перепад, МПа"
ht,F9,"Расход сырья на установку, массовый","масс.расход, т/ч"
ht,W10,"Расход бензина с установки, массовый","масс.расход, т/ч"
ht,T11,Полисеп. Трубопровод на выходе из Р-202. Температура ГСС / продукта,"температура, °C"
ht,T12,"К-201. Температура верха колонны, бензин, УВГ, H2S","температура, °C"
ht,P13,Полисеп. Р-202. Давление на входе,"давление, МПа"
ht,F14,Полисеп. Расход квенча в реактор Р-202,"расход, т/ч"
ht,F15,"Расход сырья на установку, объемный","расход, м³/ч"
ht,T16,Блок стабилизации. Температура в сепараторе С-205,"температура, °C"
ht,F17,"Расход гидроочищенного ДТ в цех №8, массовый","масс.расход, т/ч"
ht,T18,"ВАК. Температура вспышки ГОДТ, аналитический показатель",°C
ht,F19,К-201. Расход бензина в колонну,"расход, т/ч"
ht,Q20,"Поточный анализатор серы в ДТ, Н-202/1,2","сера, ppm"
ht,Q21,Поточный анализатор серы в г/о ДТ,"сера, ppm"
ht,F22,"К-201. Расход газа поддува на входе, объемный","расход газа, нм³/ч"
ht,T23,"К-201. Температура низа колонны, стабилизированный гидрогенизат","температура, °C"
ht,P24,К-201. Давление на выходе колонны,"давление, МПа"
ht,F25,Расход свежего ВСГ с КЦА на установку,"расход ВСГ, нм³/ч"
ht,F26,"Расход гидроочищенного ДТ в цех №8, объемный","расход, м³/ч"
