target,formula
AVT6:240-350:D15,791.22872 - 5.30294*(F65/(F32+F30)) + 0.52755*T66 - 0.15629*T33
AVT6:240-350:T50,283.177 - 0.01685*F7 + 0.06248*F30 + 0.22048*F34 - 0.25816*F45 - 0.12159*F59 + 0.01221*F63
AVT6:240-350:CFPP,31.40363 - 0.06784*T33 + 17.411*P67 - 8.11544*P4 - 0.47309*F65/(F32+F30)
AVT6:240-350:EBP,813.883 + 2.66463*F30 - 0.20239*T33 - 3.65888*F36 - 14.08235*T37 - 1.32603*T40 + 14.60206*T58
AVT6:350-500:ViscosityK,5.831 + 0.00976*T6 + 0.01188*T13 + 0.00224*T18 + 0.01905*T20 + 0.00794*L43 - 0.02496*T48 - 0.00008*P50 - 0.00882*F53 - 0.00394*P51 - 0.00255*F59 + 0.01153*T61
AVT6:350:CFPP,19.27111 - 0.10582*T48 + 0.13836*T40 - 0.42304*F31/F57
AVT6:350:T50,493.6798 + 1.281193*T42 - 0.955342*T48 - 0.018454*F31 + 0.265904*F57 - 0.082047*T66 - 0.545083*T33
AVT6:350:I350,39.562 - 1.62865*L43 + 0.76664*T6 - 0.22361*T18 + 0.00031*F64*(T15-T11)
AVT6:350:D15,983.092 + 0.27467*T42 - 0.49014*T48 - 0.32983*F31/F57
24-2000:GODT:T90,162.998 + 0.12945*T12 + 59.57*(F15/2000) + 0.00036*W7 + 0.26366*T23 - 424.72638*F1/F26
24-2000:GODT:T50,44.625 + 10.0224*P13 + 0.06981*F9 + 0.471*T6
24-2000:GODT:I250,84.585 - 0.21172*T5 + 0.12137*T11 - 0.00014*F25 + 0.56248*F14 - 0.16317*T23 + 0.20272*T16
24-2000:GODT:D15,667.881 + 0.15417*LIMS.D15 + 0.00005*F22 + 0.10774*T11
24-2000:GODT:CloudPoint,0.0002*F22 + 0.0021*W7 + 0.00008*F25 - 0.30656*F1 + 0.12018*T6 + 0.01916*F9 - 48.254 - 0.05249*T16 + 0.00011
24-2000:GODT:CFPP,0.22088*T23 - 102.375 - 47.75834*P8 + 0.03862*F9 + 43.60207*W7 + 43.81849*P24
24-2000:GODT:T95,0.03814*F9 - 9.201 - 0.00002*F2 + 0.50*T6 + 0.48321*LIMS.95%.T
24-2000:GODT:IBP,137.762 - 0.0653*F26 + 0.00011*F22 + 5.78137*P13 - 34.58028*P24 - 0.00993*F14 - 0.99962*W4 + 0.32232*T23 - 0.09406*T16
